{
  "project_info": {
    "project_number": "1026778109813",
    "firebase_url": "https://finalproject-4a5d8-default-rtdb.firebaseio.com",
    "project_id": "finalproject-4a5d8",
    "storage_bucket": "finalproject-4a5d8.appspot.com"
  },
  "client": [
    {
      "client_info": {
        "mobilesdk_app_id": "1:1026778109813:android:2305154659d59bc916a53c",
        "android_client_info": {
          "package_name": "com.ait.finalproject"
        }
      },
      "oauth_client": [],
      "api_key": [
        {
          "current_key": "AIzaSyAjGXovnYtFkRHPjEOW7bsg_K_m38Ji-1k"
        }
      ],
      "services": {
        "appinvite_service": {
          "other_platform_oauth_client": []
        }
      }
    }
  ],
  "configuration_version": "1"
}